<ImportExportXml version="9.2.23084.220" SolutionPackageVersion="9.2" languagecode="1033" generatedBy="CrmLive" xmlns:xsi="http://www.w3.org/2001/XMLSchema-instance">
  <SolutionManifest>
    <UniqueName>linkedin_poc</UniqueName>
    <LocalizedNames>
      <LocalizedName description="linkedin_poc" languagecode="1033" />
    </LocalizedNames>
    <Descriptions />
    <Version>1.0.0.2</Version>
    <Managed>0</Managed>
    <Publisher>
      <UniqueName>demo</UniqueName>
      <LocalizedNames>
        <LocalizedName description="demo" languagecode="1033" />
      </LocalizedNames>
      <Descriptions />
      <EMailAddress xsi:nil="true"></EMailAddress>
      <SupportingWebsiteUrl xsi:nil="true"></SupportingWebsiteUrl>
      <CustomizationPrefix>demo</CustomizationPrefix>
      <CustomizationOptionValuePrefix>34563</CustomizationOptionValuePrefix>
      <Addresses>
        <Address>
          <AddressNumber>1</AddressNumber>
          <AddressTypeCode>1</AddressTypeCode>
          <City xsi:nil="true"></City>
          <County xsi:nil="true"></County>
          <Country xsi:nil="true"></Country>
          <Fax xsi:nil="true"></Fax>
          <FreightTermsCode xsi:nil="true"></FreightTermsCode>
          <ImportSequenceNumber xsi:nil="true"></ImportSequenceNumber>
          <Latitude xsi:nil="true"></Latitude>
          <Line1 xsi:nil="true"></Line1>
          <Line2 xsi:nil="true"></Line2>
          <Line3 xsi:nil="true"></Line3>
          <Longitude xsi:nil="true"></Longitude>
          <Name xsi:nil="true"></Name>
          <PostalCode xsi:nil="true"></PostalCode>
          <PostOfficeBox xsi:nil="true"></PostOfficeBox>
          <PrimaryContactName xsi:nil="true"></PrimaryContactName>
          <ShippingMethodCode>1</ShippingMethodCode>
          <StateOrProvince xsi:nil="true"></StateOrProvince>
          <Telephone1 xsi:nil="true"></Telephone1>
          <Telephone2 xsi:nil="true"></Telephone2>
          <Telephone3 xsi:nil="true"></Telephone3>
          <TimeZoneRuleVersionNumber xsi:nil="true"></TimeZoneRuleVersionNumber>
          <UPSZone xsi:nil="true"></UPSZone>
          <UTCOffset xsi:nil="true"></UTCOffset>
          <UTCConversionTimeZoneCode xsi:nil="true"></UTCConversionTimeZoneCode>
        </Address>
        <Address>
          <AddressNumber>2</AddressNumber>
          <AddressTypeCode>1</AddressTypeCode>
          <City xsi:nil="true"></City>
          <County xsi:nil="true"></County>
          <Country xsi:nil="true"></Country>
          <Fax xsi:nil="true"></Fax>
          <FreightTermsCode xsi:nil="true"></FreightTermsCode>
          <ImportSequenceNumber xsi:nil="true"></ImportSequenceNumber>
          <Latitude xsi:nil="true"></Latitude>
          <Line1 xsi:nil="true"></Line1>
          <Line2 xsi:nil="true"></Line2>
          <Line3 xsi:nil="true"></Line3>
          <Longitude xsi:nil="true"></Longitude>
          <Name xsi:nil="true"></Name>
          <PostalCode xsi:nil="true"></PostalCode>
          <PostOfficeBox xsi:nil="true"></PostOfficeBox>
          <PrimaryContactName xsi:nil="true"></PrimaryContactName>
          <ShippingMethodCode>1</ShippingMethodCode>
          <StateOrProvince xsi:nil="true"></StateOrProvince>
          <Telephone1 xsi:nil="true"></Telephone1>
          <Telephone2 xsi:nil="true"></Telephone2>
          <Telephone3 xsi:nil="true"></Telephone3>
          <TimeZoneRuleVersionNumber xsi:nil="true"></TimeZoneRuleVersionNumber>
          <UPSZone xsi:nil="true"></UPSZone>
          <UTCOffset xsi:nil="true"></UTCOffset>
          <UTCConversionTimeZoneCode xsi:nil="true"></UTCConversionTimeZoneCode>
        </Address>
      </Addresses>
    </Publisher>
    <RootComponents>
      <RootComponent type="29" id="{ac794b23-7251-ee11-be6f-000d3a1a6a02}" behavior="0" />
      <RootComponent type="29" id="{cea02220-7251-ee11-be6f-000d3a170e21}" behavior="0" />
    </RootComponents>
    <MissingDependencies>
      <MissingDependency>
        <Required type="1" schemaName="appnotification" displayName="Notification" solution="AppNotifications (10.0.0.14)" />
        <Dependent type="29" displayName="Not at company flow" id="{ac794b23-7251-ee11-be6f-000d3a1a6a02}" />
      </MissingDependency>
      <MissingDependency>
        <Required type="1" schemaName="appnotification" displayName="Notification" solution="AppNotifications (10.0.0.14)" />
        <Dependent type="29" displayName="I want a list of contacts within dataverse to be sent to their owners on a weekly basis. The list o" id="{cea02220-7251-ee11-be6f-000d3a170e21}" />
      </MissingDependency>
      <MissingDependency>
        <Required type="2" schemaName="msdyn_orgchangestatus" displayName="Not at Company Flag" parentSchemaName="contact" parentDisplayName="Contact" solution="msdyn_LinkedInExtensions (9.0.23081.10180)">
          <package>msdyn_SalesIntegrationsAddOns (9.0.23083.10005)</package>
        </Required>
        <Dependent type="29" displayName="Not at company flow" id="{ac794b23-7251-ee11-be6f-000d3a1a6a02}" />
      </MissingDependency>
    </MissingDependencies>
  </SolutionManifest>
</ImportExportXml>