<ImportExportXml xmlns:xsi="http://www.w3.org/2001/XMLSchema-instance">
  <Entities></Entities>
  <Roles></Roles>
  <Workflows>
    <Workflow WorkflowId="{cea02220-7251-ee11-be6f-000d3a170e21}" Name="I want a list of contacts within dataverse to be sent to their owners on a weekly basis. The list o">
      <JsonFileName>/Workflows/Iwantalistofcontactswithindataversetobesenttotheir-CEA02220-7251-EE11-BE6F-000D3A170E21.json</JsonFileName>
      <Type>1</Type>
      <Subprocess>0</Subprocess>
      <Category>5</Category>
      <Mode>0</Mode>
      <Scope>4</Scope>
      <OnDemand>0</OnDemand>
      <TriggerOnCreate>0</TriggerOnCreate>
      <TriggerOnDelete>0</TriggerOnDelete>
      <AsyncAutodelete>0</AsyncAutodelete>
      <SyncWorkflowLogOnFailure>0</SyncWorkflowLogOnFailure>
      <StateCode>0</StateCode>
      <StatusCode>1</StatusCode>
      <RunAs>1</RunAs>
      <IsTransacted>1</IsTransacted>
      <IntroducedVersion>1.0.0.0</IntroducedVersion>
      <IsCustomizable>1</IsCustomizable>
      <BusinessProcessType>0</BusinessProcessType>
      <IsCustomProcessingStepAllowedForOtherPublishers>1</IsCustomProcessingStepAllowedForOtherPublishers>
      <PrimaryEntity>none</PrimaryEntity>
      <LocalizedNames>
        <LocalizedName languagecode="1033" description="I want a list of contacts within dataverse to be sent to their owners on a weekly basis. The list o" />
      </LocalizedNames>
    </Workflow>
    <Workflow WorkflowId="{ac794b23-7251-ee11-be6f-000d3a1a6a02}" Name="Not at company flow">
      <JsonFileName>/Workflows/Notatcompanyflow-AC794B23-7251-EE11-BE6F-000D3A1A6A02.json</JsonFileName>
      <Type>1</Type>
      <Subprocess>0</Subprocess>
      <Category>5</Category>
      <Mode>0</Mode>
      <Scope>4</Scope>
      <OnDemand>0</OnDemand>
      <TriggerOnCreate>0</TriggerOnCreate>
      <TriggerOnDelete>0</TriggerOnDelete>
      <AsyncAutodelete>0</AsyncAutodelete>
      <SyncWorkflowLogOnFailure>0</SyncWorkflowLogOnFailure>
      <StateCode>1</StateCode>
      <StatusCode>2</StatusCode>
      <RunAs>1</RunAs>
      <IsTransacted>1</IsTransacted>
      <IntroducedVersion>1.0.0.0</IntroducedVersion>
      <IsCustomizable>1</IsCustomizable>
      <BusinessProcessType>0</BusinessProcessType>
      <IsCustomProcessingStepAllowedForOtherPublishers>1</IsCustomProcessingStepAllowedForOtherPublishers>
      <PrimaryEntity>none</PrimaryEntity>
      <LocalizedNames>
        <LocalizedName languagecode="1033" description="Not at company flow" />
      </LocalizedNames>
    </Workflow>
  </Workflows>
  <FieldSecurityProfiles></FieldSecurityProfiles>
  <Templates />
  <EntityMaps />
  <EntityRelationships />
  <OrganizationSettings />
  <optionsets />
  <CustomControls />
  <EntityDataProviders />
  <connectionreferences>
    <connectionreference connectionreferencelogicalname="demo_sharedcommondataserviceforapps_6afaf">
      <connectionreferencedisplayname>Microsoft Dataverse linkedin_poc-6afaf</connectionreferencedisplayname>
      <connectorid>/providers/Microsoft.PowerApps/apis/shared_commondataserviceforapps</connectorid>
      <iscustomizable>1</iscustomizable>
      <statecode>0</statecode>
      <statuscode>1</statuscode>
    </connectionreference>
    <connectionreference connectionreferencelogicalname="demo_sharedoffice365_15f34">
      <connectionreferencedisplayname>Office 365 Outlook linkedin_poc-15f34</connectionreferencedisplayname>
      <connectorid>/providers/Microsoft.PowerApps/apis/shared_office365</connectorid>
      <iscustomizable>1</iscustomizable>
      <statecode>0</statecode>
      <statuscode>1</statuscode>
    </connectionreference>
    <connectionreference connectionreferencelogicalname="demo_sharedonedriveforbusiness_8bad0">
      <connectionreferencedisplayname>OneDrive for Business linkedin_poc-8bad0</connectionreferencedisplayname>
      <connectorid>/providers/Microsoft.PowerApps/apis/shared_onedriveforbusiness</connectorid>
      <iscustomizable>1</iscustomizable>
      <statecode>0</statecode>
      <statuscode>1</statuscode>
    </connectionreference>
  </connectionreferences>
  <Languages>
    <Language>1033</Language>
  </Languages>
</ImportExportXml>